"importId";"name";"code";"typeSelect";"isRequired";"valueSet"
"1";"Commentaire";"comment";"2";"false";""
"3";"Dimension nominale";"acceptedDimension";"1";"true";""
"4";"Tolérance min.";"minTolerance";"1";"true";""
"5";"Tolérance max.";"maxTolerance";"1";"true";""
"6";"Dimension mesurée";"mesuredDim";"1";"true";""
"7";"Étiquette requise";"isLabelRequired";"3";"false";""
"8";"Étiquette présente";"isLabelPresent";"3";"false";""
"9";"État extérieur accepté";"acceptedExternalCondition";"4";"true";"1|2|3|4"
"10";"État extérieur observé";"observedExternalCondition";"4";"true";"1|2|3|4"
