"importId";"orderFileFormatSelect";"orderTypeSelect";"currency.code";"name";"description";"fileGenerationSupported";"bankDetailsTypeSelect";"orderDebitTypeSelect";"entryCodeSelect";"dailyCodeSelect";"acceptPerLineCodeSelect";"addressFormatSelect"
1;"pain.001.001.02.ict";"5";"EUR";"pain.001.001.02.ict - Virement de trésorerie (intra groupe)";"Remise de virement de trésorerie (intra groupe)";"false";;;;;;"none"
2;"pain.001.001.02.mct";"1";"EUR";"pain.001.001.02.mct - Virement";"Remise de virement";"false";;;;;;"none"
3;"pain.001.001.02.rft";"1";"EUR";"pain.001.001.02.rft - Virement request for transfer";"Remise de virement request for transfer";"false";;;;;;"none"
4;"pain.001.001.02.sct";"1";"EUR";"pain.001.001.02.sct - Virement SEPA";"Remise de virement SEPA - Version 2";"true";"1";;;;;"none"
5;"pain.001.001.02.xct";"3";"EUR";"pain.001.001.02.xct - Virement international";"Remise de virement international";"false";;;;;;"none"
6;"pain.001.001.03.sct";"1";"EUR";"pain.001.001.03.sct - Virement SEPA";"Remise de virement SEPA - Version 3";"true";"1";;;;;"none"
36;"pain.001.001.09.sct";"1";"EUR";"pain.001.001.09.sct - Virement SEPA";"Remise de virement SEPA - Version 9";"true";"1";;;;;"structured"
7;"pain.008.001.01.sbb";"2";"EUR";"pain.008.001.01.sbb - SDD BtoB";"Remise de SDD BtoB";"true";;;;;;"none"
8;"pain.008.001.01.sdd";"2";"EUR";"pain.008.001.01.sdd - SDD CORE";"Remise de SDD CORE";"true";;;;;;"none"
9;"pain.008.001.02.sbb";"2";"EUR";"pain.008.001.02.sbb - SDD BtoB";"Remise de SDD BtoB";"true";;;;;;"none"
10;"pain.008.001.02.sdd";"2";"EUR";"pain.008.001.02.sdd - SDD CORE";"Remise de SDD CORE";"true";;;;;;"none"
37;"pain.008.001.08.sbb";"2";"EUR";"pain.008.001.08.sbb - SDD BtoB";"Remise de SDD BtoB";"true";;;;;;"structured"
38;"pain.008.001.08.sdd";"2";"EUR";"pain.008.001.08.sdd - SDD CORE";"Remise de SDD CORE";"true";;;;;;"structured"
11;"pain.fin.mt101.dct";"1";"EUR";"pain.fin.mt101.dct - Virement domestique France";"Remise de virement domestique France";"false";;;;;;"none"
12;"pain.fin.mt101.mct";"1";"EUR";"pain.fin.mt101.mct - Virement";"Remise de virement";"false";;;;;;"none"
13;"pain.xxx.cfonb160.dco";"8";"EUR";"pain.xxx.cfonb160.dco - LCR";"Remise de LCR";"true";"1";;"3";"0";"1";"none"
14;"pain.xxx.cfonb160.dct";;"EUR";"pain.xxx.cfonb160.dct - Virement domestique France";"Remise de virement domestique France";"false";;;;;;"none"
15;"pain.xxx.cfonb160.dda";;"EUR";"pain.xxx.cfonb160.dda - Prélèvement accéléré domestique France";"Remise d'avis de prélèvement accéléré domestique France";"false";;;;;;"none"
16;"pain.xxx.cfonb160.ddd";;"EUR";"pain.xxx.cfonb160.ddd - Prélèvement domestique France";"Remise d'avis de prélèvement domestique France";"false";;;;;;"none"
17;"pain.xxx.cfonb160.dtg";;"EUR";"pain.xxx.cfonb160.dtg - Télérèglement domestique France";"Remise de télérèglement domestique France";"false";;;;;;"none"
18;"pain.xxx.cfonb160.dvd";;"EUR";"pain.xxx.cfonb160.dvd - Vérification de domiciliation";"Demande de vérification de domiciliation";"false";;;;;;"none"
19;"pain.xxx.cfonb160.ict";"5";"EUR";"pain.xxx.cfonb160.ict - Virement de trésorerie France";"Remise de virement de trésorerie France (Intra groupe)";"true";"1,2";;;;;"none"
20;"pain.xxx.cfonb240.bco";;"EUR";"pain.xxx.cfonb240.bco - Bon à payer de LCR";"Bon à payer de LCR (réponse au relevé de LCR)";"false";;;;;;"none"
21;"pain.xxx.cfonb240.tch";;"EUR";"pain.xxx.cfonb240.tch - Télécollecte de chèque";"Remise de télécollecte de chèque";"false";;;;;;"none"
22;"pain.xxx.cfonb320.dct";;"EUR";"pain.xxx.cfonb320.dct - Virement domestique France";"Remise de virement domestique France";"false";;;;;;"none"
23;"pain.xxx.cfonb320.rft";;"EUR";"pain.xxx.cfonb320.rft - Virement  request for transfer";"Remise de virement  request for transfer";"false";;;;;;"none"
24;"pain.xxx.cfonb320.xct";"3";"EUR";"pain.xxx.cfonb320.xct - Virement international";"Remise de virement international";"true";"0,1,2";2;;;;"none"
25;"pain.xxx.fff.lch";;"EUR";"pain.xxx.fff.lch - Remise de lettre chèque";"Remise de lettre chèque où <FFF> est égale à la longueur des enregistrements";"false";;;;;;"none"
26;"pain.xxx.fff.ech";;"EUR";"pain.xxx.fff.ech - Remise de chèques émis";"Remise de chèques émis où <FFF> est égale à la longueur des enregistrements";"false";;;;;;"none"
27;"pain.xxx.payext912.vct";;"EUR";"pain.xxx.payext912.vct - Remise de VCOM";"Remise de VCOM";"false";;;;;;"none"
28;"pain.xxx.payext96a.vct";;"EUR";"pain.xxx.payext96a.vct - Remise de VCOM";"Remise de VCOM";"false";;;;;;"none"
29;"pain.xxx.payord912.ict";;"EUR";"pain.xxx.payord912.ict - Virement de trésorerie France (Intra groupe)";"Remise de virement de trésorerie France (Intra groupe)";"false";;;;;;"none"
30;"pain.xxx.vcom400.vct";;"EUR";"pain.xxx.vcom400.vct - Remise de VCOM";"Remise de VCOM";"false";;;;;;"none"
31;"pain.001.001.03.ict";;;"pain.001.001.03.ict - Virement de trésorerie (intra groupe)";"Remise de virement de trésorerie (intra groupe)";"false";;;;;;"none"
32;"pain.xxx.cfonb320.sct";;;"pain.xxx.cfonb320.sct";"Remise de virement";"false";;;;;;"none"
33;"pain.xxx.payord912.xct";;;"pain.xxx.payord912.xct";"Remise de virement international edifact";"false";;;;;;"none"
34;"pain.001.001.03.xct";;;"pain.001.001.03.xct - Virement international";"Remise de virement international";"false";;;;;;"none"
35;"pain.fin.mt101.xct";;;"pain.fin.mt101.xct - Virement international";"Remise de virement";"false";;;;;;"none"
